"NAICS_Code","Industry","Emission_With_Margins","Diff_From_Avg","Emission_Rank"
562212,Solid Waste Landfill,10.98900032043457,10.603,1
327310,Cement Manufacturing,3.8580000400543213,3.472,2
112111,Beef Cattle Ranching and Farming,3.2980000972747803,2.912,3
112112,Cattle Feedlots,3.2980000972747803,2.912,3
112130,Dual-Purpose Cattle Ranching and Farming,3.2980000972747803,2.912,3
111130,Dry Pea and Bean Farming,3.006999969482422,2.621,4
111140,Wheat Farming,3.006999969482422,2.621,4
111150,Corn Farming,3.006999969482422,2.621,4
111160,Rice Farming,3.006999969482422,2.621,4
111191,Oilseed and Grain Combination Farming,3.006999969482422,2.621,4
111199,All Other Grain Farming,3.006999969482422,2.621,4
112120,Dairy Cattle and Milk Production,2.578000068664551,2.192,5
562213,Solid Waste Combustors and Incinerators,2.1659998893737793,1.78,6
325311,Nitrogenous Fertilizer Manufacturing,2.115000009536743,1.729,7
325312,Phosphatic Fertilizer Manufacturing,2.115000009536743,1.729,7
325314,Fertilizer (Mixing Only) Manufacturing,2.115000009536743,1.729,7
212111,Bituminous Coal and Lignite Surface Mining,2.0160000324249268,1.63,8
212112,Bituminous Coal Underground Mining,2.0160000324249268,1.63,8
212113,Anthracite Mining,2.0160000324249268,1.63,8
562211,Hazardous Waste Treatment and Disposal,1.7769999504089355,1.391,9
562112,Hazardous Waste Collection,1.7769999504089355,1.391,9
327410,Lime Manufacturing,1.7139999866485596,1.328,10
327420,Gypsum Product Manufacturing,1.7139999866485596,1.328,10
311221,Wet Corn Milling,1.6369999647140503,1.251,11
486110,Pipeline Transportation of Crude Oil,1.5579999685287476,1.172,12
486210,Pipeline Transportation of Natural Gas,1.5579999685287476,1.172,12
486910,Pipeline Transportation of Refined Petroleum Products,1.5579999685287476,1.172,12
486990,All Other Pipeline Transportation,1.5579999685287476,1.172,12
325193,Ethyl Alcohol Manufacturing,1.5099999904632568,1.124,13
325194,"Cyclic Crude, Intermediate, and Gum and Wood Chemical Manufacturing",1.5099999904632568,1.124,13
325199,All Other Basic Organic Chemical Manufacturing,1.5099999904632568,1.124,13
325120,Industrial Gas Manufacturing,1.4500000476837158,1.064,14
311211,Flour Milling,1.4479999542236328,1.062,15
311212,Rice Milling,1.4479999542236328,1.062,15
311213,Malt Manufacturing,1.4479999542236328,1.062,15
111910,Tobacco Farming,1.430999994277954,1.045,16
111920,Cotton Farming,1.430999994277954,1.045,16
111930,Sugarcane Farming,1.430999994277954,1.045,16
111940,Hay Farming,1.430999994277954,1.045,16
111991,Sugar Beet Farming,1.430999994277954,1.045,16
111992,Peanut Farming,1.430999994277954,1.045,16
111998,All Other Miscellaneous Crop Farming,1.430999994277954,1.045,16
331313,Alumina Refining and Primary Aluminum Production,1.409999966621399,1.024,17
325130,Synthetic Dye and Pigment Manufacturing,1.3819999694824219,0.996,18
112210,Hog and Pig Farming,1.375,0.989,19
112410,Sheep Farming,1.375,0.989,19
112420,Goat Farming,1.375,0.989,19
112511,Finfish Farming and Fish Hatcheries,1.375,0.989,19
112512,Shellfish Farming,1.375,0.989,19
112519,Other Aquaculture,1.375,0.989,19
112910,Apiculture,1.375,0.989,19
112920,Horses and Other Equine Production,1.375,0.989,19
112930,Fur-Bearing Animal and Rabbit Production,1.375,0.989,19
112990,All Other Animal Production,1.375,0.989,19
111110,Soybean Farming,1.3259999752044678,0.94,20
111120,Oilseed (except Soybean) Farming,1.3259999752044678,0.94,20
324121,Asphalt Paving Mixture and Block Manufacturing,1.3179999589920044,0.932,21
311611,Animal (except Poultry) Slaughtering,1.2790000438690186,0.893,22
311612,Meat Processed from Carcasses,1.2790000438690186,0.893,22
311613,Rendering and Meat Byproduct Processing,1.2790000438690186,0.893,22
311513,Cheese Manufacturing,1.2589999437332153,0.873,23
212210,Iron Ore Mining,1.2330000400543213,0.847,24
212221,Gold Ore Mining,1.2330000400543213,0.847,24
212222,Silver Ore Mining,1.2330000400543213,0.847,24
212291,Uranium-Radium-Vanadium Ore Mining,1.2330000400543213,0.847,24
212299,All Other Metal Ore Mining,1.2330000400543213,0.847,24
325110,Petrochemical Manufacturing,1.1970000267028809,0.811,25
112310,Chicken Egg Production,1.1710000038146973,0.785,26
112320,Broilers and Other Meat Type Chicken Production,1.1710000038146973,0.785,26
112330,Turkey Production,1.1710000038146973,0.785,26
112340,Poultry Hatcheries,1.1710000038146973,0.785,26
112390,Other Poultry Production,1.1710000038146973,0.785,26
212230,"Copper, Nickel, Lead, and Zinc Mining",1.1649999618530273,0.779,27
325212,Synthetic Rubber Manufacturing,1.1360000371932983,0.75,28
325220,Artificial and Synthetic Fibers and Filaments Manufacturing,1.1360000371932983,0.75,28
325180,Other Basic Inorganic Chemical Manufacturing,1.1169999837875366,0.731,29
484110,"General Freight Trucking, Local",1.1150000095367432,0.729,30
484121,"General Freight Trucking, Long-Distance, Truckload",1.1150000095367432,0.729,30
484122,"General Freight Trucking, Long-Distance, Less Than Truckload",1.1150000095367432,0.729,30
484210,Used Household and Office Goods Moving,1.1150000095367432,0.729,30
484220,"Specialized Freight (except Used Goods) Trucking, Local",1.1150000095367432,0.729,30
484230,"Specialized Freight (except Used Goods) Trucking, Long-Distance",1.1150000095367432,0.729,30
311224,Soybean and Other Oilseed Processing,1.090000033378601,0.704,31
325211,Plastics Material and Resin Manufacturing,1.0759999752044678,0.69,32
111411,Mushroom Production,1.0429999828338623,0.657,33
111419,Other Food Crops Grown Under Cover,1.0429999828338623,0.657,33
111421,Nursery and Tree Production,1.0429999828338623,0.657,33
111422,Floriculture Production,1.0429999828338623,0.657,33
311511,Fluid Milk Manufacturing,1.0390000343322754,0.653,34
311512,Creamery Butter Manufacturing,1.0390000343322754,0.653,34
331110,Iron and Steel Mills and Ferroalloy Manufacturing,0.9789999723434448,0.593,35
481111,Scheduled Passenger Air Transportation,0.9760000109672546,0.59,36
481112,Scheduled Freight Air Transportation,0.9760000109672546,0.59,36
481211,Nonscheduled Chartered Passenger Air Transportation,0.9760000109672546,0.59,36
481212,Nonscheduled Chartered Freight Air Transportation,0.9760000109672546,0.59,36
481219,Other Nonscheduled Air Transportation,0.9760000109672546,0.59,36
322110,Pulp Mills,0.9570000171661377,0.571,37
311514,"Dry, Condensed, and Evaporated Dairy Product Manufacturing",0.9459999799728394,0.56,38
324122,Asphalt Shingle and Coating Materials Manufacturing,0.9160000085830688,0.53,39
331315,"Aluminum Sheet, Plate, and Foil Manufacturing",0.8690000176429749,0.483,40
331318,"Other Aluminum Rolling, Drawing, and Extruding",0.8690000176429749,0.483,40
324110,Petroleum Refineries,0.859000027179718,0.473,41
324191,Petroleum Lubricating Oil and Grease Manufacturing,0.8479999899864197,0.462,42
324199,All Other Petroleum and Coal Products Manufacturing,0.8479999899864197,0.462,42
313110,"Fiber, Yarn, and Thread Mills",0.8370000123977661,0.451,43
211120,Crude Petroleum Extraction,0.8299999833106995,0.444,44
211130,Natural Gas Extraction,0.8299999833106995,0.444,44
311119,Other Animal Food Manufacturing,0.8090000152587891,0.423,45
322130,Paperboard Mills,0.8029999732971191,0.417,46
325910,Printing Ink Manufacturing,0.7839999794960022,0.398,47
326160,Plastics Bottle Manufacturing,0.7829999923706055,0.397,48
311225,Fats and Oils Refining and Blending,0.7559999823570251,0.37,49
322121,Paper (except Newsprint) Mills,0.7369999885559082,0.351,50
322122,Newsprint Mills,0.7369999885559082,0.351,50
311411,"Frozen Fruit, Juice, and Vegetable Manufacturing",0.7179999947547913,0.332,51
311412,Frozen Specialty Food Manufacturing,0.7179999947547913,0.332,51
325520,Adhesive Manufacturing,0.7139999866485596,0.328,52
336370,Motor Vehicle Metal Stamping,0.7080000042915344,0.322,53
331410,Nonferrous Metal (except Aluminum) Smelting and Refining,0.6949999928474426,0.309,54
212321,Construction Sand and Gravel Mining,0.6919999718666077,0.306,55
212322,Industrial Sand Mining,0.6919999718666077,0.306,55
212324,Kaolin and Ball Clay Mining,0.6919999718666077,0.306,55
212325,Clay and Ceramic and Refractory Minerals Mining,0.6919999718666077,0.306,55
212391,"Potash, Soda, and Borate Mineral Mining",0.6919999718666077,0.306,55
212392,Phosphate Rock Mining,0.6919999718666077,0.306,55
212393,Other Chemical and Fertilizer Mineral Mining,0.6919999718666077,0.306,55
212399,All Other Nonmetallic Mineral Mining,0.6919999718666077,0.306,55
327320,Ready-Mix Concrete Manufacturing,0.6869999766349792,0.301,56
332114,Custom Roll Forming,0.6729999780654907,0.287,57
221310,Water Supply and Irrigation Systems,0.6520000100135803,0.266,58
221320,Sewage Treatment Facilities,0.6520000100135803,0.266,58
221330,Steam and Air-Conditioning Supply,0.6520000100135803,0.266,58
327999,All Other Miscellaneous Nonmetallic Mineral Product Manufacturing,0.6439999938011169,0.258,59
332111,Iron and Steel Forging,0.640999972820282,0.255,60
332112,Nonferrous Forging,0.640999972820282,0.255,60
332117,Powder Metallurgy Part Manufacturing,0.640999972820282,0.255,60
311615,Poultry Processing,0.6399999856948853,0.254,61
331491,"Nonferrous Metal (except Copper and Aluminum) Rolling, Drawing, and Extruding",0.6399999856948853,0.254,61
331492,"Secondary Smelting, Refining, and Alloying of Nonferrous Metal (except Copper and Aluminum)",0.6399999856948853,0.254,61
311520,Ice Cream and Frozen Dessert Manufacturing,0.6370000243186951,0.251,62
332431,Metal Can Manufacturing,0.6320000290870667,0.246,63
332439,Other Metal Container Manufacturing,0.6320000290870667,0.246,63
562119,Other Waste Collection,0.6320000290870667,0.246,63
562991,Septic Tank and Related Services,0.6320000290870667,0.246,63
562998,All Other Miscellaneous Waste Management Services,0.6320000290870667,0.246,63
562219,Other Nonhazardous Waste Treatment and Disposal,0.6320000290870667,0.246,63
221210,Natural Gas Distribution,0.6269999742507935,0.241,64
331523,Nonferrous Metal Die-Casting Foundries,0.6190000176429749,0.233,65
331524,Aluminum Foundries (except Die-Casting),0.6190000176429749,0.233,65
331529,Other Nonferrous Metal Foundries (except Die-Casting),0.6190000176429749,0.233,65
483111,Deep Sea Freight Transportation,0.6179999709129333,0.232,66
483112,Deep Sea Passenger Transportation,0.6179999709129333,0.232,66
483113,Coastal and Great Lakes Freight Transportation,0.6179999709129333,0.232,66
483114,Coastal and Great Lakes Passenger Transportation,0.6179999709129333,0.232,66
483211,Inland Water Freight Transportation,0.6179999709129333,0.232,66
483212,Inland Water Passenger Transportation,0.6179999709129333,0.232,66
326111,Plastics Bag and Pouch Manufacturing,0.6079999804496765,0.222,67
326112,Plastics Packaging Film and Sheet (including Laminated) Manufacturing,0.6079999804496765,0.222,67
326113,Unlaminated Plastics Film and Sheet (except Packaging) Manufacturing,0.6079999804496765,0.222,67
311991,Perishable Prepared Food Manufacturing,0.6029999852180481,0.217,68
311999,All Other Miscellaneous Food Manufacturing,0.6029999852180481,0.217,68
115111,Cotton Ginning,0.5910000205039978,0.205,69
115112,"Soil Preparation, Planting, and Cultivating",0.5910000205039978,0.205,69
115113,"Crop Harvesting, Primarily by Machine",0.5910000205039978,0.205,69
115114,Postharvest Crop Activities (except Cotton Ginning),0.5910000205039978,0.205,69
115115,Farm Labor Contractors and Crew Leaders,0.5910000205039978,0.205,69
115116,Farm Management Services,0.5910000205039978,0.205,69
115210,Support Activities for Animal Production,0.5910000205039978,0.205,69
115310,Support Activities for Forestry,0.5910000205039978,0.205,69
111211,Potato Farming,0.5879999995231628,0.202,70
111219,Other Vegetable (except Potato) and Melon Farming,0.5879999995231628,0.202,70
493110,General Warehousing and Storage,0.5680000185966492,0.182,71
493120,Refrigerated Warehousing and Storage,0.5680000185966492,0.182,71
493130,Farm Product Warehousing and Storage,0.5680000185966492,0.182,71
493190,Other Warehousing and Storage,0.5680000185966492,0.182,71
325920,Explosives Manufacturing,0.5669999718666077,0.181,72
325991,Custom Compounding of Purchased Resins,0.5669999718666077,0.181,72
325992,"Photographic Film, Paper, Plate, and Chemical Manufacturing",0.5669999718666077,0.181,72
325998,All Other Miscellaneous Chemical Product and Preparation Manufacturing,0.5669999718666077,0.181,72
482111,Line-Haul Railroads,0.5580000281333923,0.172,73
482112,Short Line Railroads,0.5580000281333923,0.172,73
331210,Iron and Steel Pipe and Tube Manufacturing from Purchased Steel,0.5490000247955322,0.163,74
331221,Rolled Steel Shape Manufacturing,0.5490000247955322,0.163,74
331222,Steel Wire Drawing,0.5490000247955322,0.163,74
311920,Coffee and Tea Manufacturing,0.5490000247955322,0.163,74
311821,Cookie and Cracker Manufacturing,0.5479999780654907,0.162,75
311824,"Dry Pasta, Dough, and Flour Mixes Manufacturing from Purchased Flour",0.5479999780654907,0.162,75
311830,Tortilla Manufacturing,0.5479999780654907,0.162,75
325320,Pesticide and Other Agricultural Chemical Manufacturing,0.546999990940094,0.161,76
311313,Beet Sugar Manufacturing,0.5429999828338623,0.157,77
311314,Cane Sugar Manufacturing,0.5429999828338623,0.157,77
311340,Nonchocolate Confectionery Manufacturing,0.5429999828338623,0.157,77
311351,Chocolate and Confectionery Manufacturing from Cacao Beans,0.5429999828338623,0.157,77
311352,Confectionery Manufacturing from Purchased Chocolate,0.5429999828338623,0.157,77
331420,"Copper Rolling, Drawing, Extruding, and Alloying",0.5370000004768372,0.151,78
332811,Metal Heat Treating,0.5260000228881836,0.14,79
332812,"Metal Coating, Engraving (except Jewelry and Silverware), and Allied Services to Manufacturers",0.5260000228881836,0.14,79
332813,"Electroplating, Plating, Polishing, Anodizing, and Coloring",0.5260000228881836,0.14,79
313210,Broadwoven Fabric Mills,0.5249999761581421,0.139,80
313220,Narrow Fabric Mills and Schiffli Machine Embroidery,0.5249999761581421,0.139,80
313230,Nonwoven Fabric Mills,0.5249999761581421,0.139,80
313240,Knit Fabric Mills,0.5249999761581421,0.139,80
322220,Paper Bag and Coated and Treated Paper Manufacturing,0.5220000147819519,0.136,81
213111,Drilling Oil and Gas Wells,0.5189999938011169,0.133,82
311421,Fruit and Vegetable Canning,0.5180000066757202,0.132,83
311422,Specialty Canning,0.5180000066757202,0.132,83
311423,Dried and Dehydrated Food Manufacturing,0.5180000066757202,0.132,83
213112,Support Activities for Oil and Gas Operations,0.5099999904632568,0.124,84
213113,Support Activities for Coal Mining,0.5099999904632568,0.124,84
213114,Support Activities for Metal Mining,0.5099999904632568,0.124,84
213115,Support Activities for Nonmetallic Minerals (except Fuels) Mining,0.5099999904632568,0.124,84
311911,Roasted Nuts and Peanut Butter Manufacturing,0.5009999871253967,0.115,85
311919,Other Snack Food Manufacturing,0.5009999871253967,0.115,85
111310,Orange Groves,0.5,0.114,86
111320,Citrus (except Orange) Groves,0.5,0.114,86
111331,Apple Orchards,0.5,0.114,86
111332,Grape Vineyards,0.5,0.114,86
111333,Strawberry Farming,0.5,0.114,86
111334,Berry (except Strawberry) Farming,0.5,0.114,86
111335,Tree Nut Farming,0.5,0.114,86
111336,Fruit and Tree Nut Combination Farming,0.5,0.114,86
111339,Other Noncitrus Fruit Farming,0.5,0.114,86
485111,Mixed Mode Transit Systems,0.49900001287460327,0.113,87
485112,Commuter Rail Systems,0.49900001287460327,0.113,87
485113,Bus and Other Motor Vehicle Transit Systems,0.49900001287460327,0.113,87
485119,Other Urban Transit Systems,0.49900001287460327,0.113,87
485210,Interurban and Rural Bus Transportation,0.49900001287460327,0.113,87
485310,Taxi Service,0.49900001287460327,0.113,87
485320,Limousine Service,0.49900001287460327,0.113,87
485410,School and Employee Bus Transportation,0.49900001287460327,0.113,87
485510,Charter Bus Industry,0.49900001287460327,0.113,87
485991,Special Needs Transportation,0.49900001287460327,0.113,87
485999,All Other Transit and Ground Passenger Transportation,0.49900001287460327,0.113,87
326130,"Laminated Plastics Plate, Sheet (except Packaging), and Shape Manufacturing",0.4970000088214874,0.111,88
327992,Ground or Treated Mineral and Earth Manufacturing,0.4959999918937683,0.11,89
335991,Carbon and Graphite Product Manufacturing,0.4950000047683716,0.109,90
327211,Flat Glass Manufacturing,0.49000000953674316,0.104,91
327212,Other Pressed and Blown Glass and Glassware Manufacturing,0.49000000953674316,0.104,91
327213,Glass Container Manufacturing,0.49000000953674316,0.104,91
327215,Glass Product Manufacturing Made of Purchased Glass,0.49000000953674316,0.104,91
322211,Corrugated and Solid Fiber Box Manufacturing,0.49000000953674316,0.104,91
322212,Folding Paperboard Box Manufacturing,0.49000000953674316,0.104,91
322219,Other Paperboard Container Manufacturing,0.49000000953674316,0.104,91
311230,Breakfast Cereal Manufacturing,0.48500001430511475,0.099,92
311111,Dog and Cat Food Manufacturing,0.4779999852180481,0.092,93
326291,Rubber Product Manufacturing for Mechanical Use,0.47099998593330383,0.085,94
326299,All Other Rubber Product Manufacturing,0.47099998593330383,0.085,94
325510,Paint and Coating Manufacturing,0.4690000116825104,0.083,95
322299,All Other Converted Paper Product Manufacturing,0.46299999952316284,0.077,96
313310,Textile and Fabric Finishing Mills,0.4519999921321869,0.066,97
313320,Fabric Coating Mills,0.4519999921321869,0.066,97
327993,Mineral Wool Manufacturing,0.44999998807907104,0.064,98
311941,"Mayonnaise, Dressing, and Other Prepared Sauce Manufacturing",0.4490000009536743,0.063,99
311942,Spice and Extract Manufacturing,0.4490000009536743,0.063,99
311930,Flavoring Syrup and Concentrate Manufacturing,0.4480000138282776,0.062,100
312140,Distilleries,0.44600000977516174,0.06,101
331511,Iron Foundries,0.44600000977516174,0.06,101
331512,Steel Investment Foundries,0.44600000977516174,0.06,101
331513,Steel Foundries (except Investment),0.44600000977516174,0.06,101
335110,Electric Lamp Bulb and Part Manufacturing,0.4350000023841858,0.049,102
326121,Unlaminated Plastics Profile Shape Manufacturing,0.4339999854564667,0.048,103
326122,Plastics Pipe and Pipe Fitting Manufacturing,0.4339999854564667,0.048,103
326211,Tire Manufacturing (except Retreading),0.4300000071525574,0.044,104
326212,Tire Retreading,0.4300000071525574,0.044,104
322230,Stationery Product Manufacturing,0.4180000126361847,0.032,105
332420,Metal Tank (Heavy Gauge) Manufacturing,0.4169999957084656,0.031,106
336510,Railroad Rolling Stock Manufacturing,0.41499999165534973,0.029,107
322291,Sanitary Paper Product Manufacturing,0.41100001335144043,0.025,108
332119,"Metal Crown, Closure, and Other Metal Stamping (except Automotive)",0.4059999883174896,0.02,109
325611,Soap and Other Detergent Manufacturing,0.4050000011920929,0.019,110
325612,Polish and Other Sanitation Good Manufacturing,0.4050000011920929,0.019,110
325613,Surface Active Agent Manufacturing,0.4050000011920929,0.019,110
326191,Plastics Plumbing Fixture Manufacturing,0.40299999713897705,0.017,111
326199,All Other Plastics Product Manufacturing,0.40299999713897705,0.017,111
326150,Urethane and Other Foam Product (except Polystyrene) Manufacturing,0.39899998903274536,0.013,112
327110,"Pottery, Ceramics, and Plumbing Fixture Manufacturing",0.39800000190734863,0.012,113
327120,Clay Building Material and Refractories Manufacturing,0.39800000190734863,0.012,113
336992,"Military Armored Vehicle, Tank, and Tank Component Manufacturing",0.3959999978542328,0.01,114
336390,Other Motor Vehicle Parts Manufacturing,0.39500001072883606,0.009,115
336360,Motor Vehicle Seating and Interior Trim Manufacturing,0.39399999380111694,0.008,116
336330,Motor Vehicle Steering and Suspension Components (except Spring) Manufacturing,0.3919999897480011,0.006,117
336340,Motor Vehicle Brake System Manufacturing,0.3919999897480011,0.006,117
336350,Motor Vehicle Transmission and Power Train Parts Manufacturing,0.39100000262260437,0.005,118
312111,Soft Drink Manufacturing,0.3779999911785126,-0.008,119
312112,Bottled Water Manufacturing,0.3779999911785126,-0.008,119
312113,Ice Manufacturing,0.3779999911785126,-0.008,119
312120,Breweries,0.37700000405311584,-0.009,120
311710,Seafood Product Preparation and Packaging,0.37599998712539673,-0.01,121
332613,Spring Manufacturing,0.3720000088214874,-0.014,122
332618,Other Fabricated Wire Product Manufacturing,0.3720000088214874,-0.014,122
327331,Concrete Block and Brick Manufacturing,0.3709999918937683,-0.015,123
327332,Concrete Pipe Manufacturing,0.3709999918937683,-0.015,123
333511,Industrial Mold Manufacturing,0.36800000071525574,-0.018,124
332996,Fabricated Pipe and Pipe Fitting Manufacturing,0.36500000953674316,-0.021,125
327390,Other Concrete Product Manufacturing,0.36500000953674316,-0.021,125
335921,Fiber Optic Cable Manufacturing,0.35899999737739563,-0.027,126
335929,Other Communication and Energy Wire Manufacturing,0.35899999737739563,-0.027,126
237110,Water and Sewer Line and Related Structures Construction,0.3540000021457672,-0.032,127
237120,Oil and Gas Pipeline and Related Structures Construction,0.3540000021457672,-0.032,127
237130,Power and Communication Line and Related Structures Construction,0.3540000021457672,-0.032,127
531120,Lessors of Nonresidential Buildings (excpet Miniwarehouses),0.35100001096725464,-0.035,128
531130,Lessors of Miniwarehouses and Self-Storage Units,0.35100001096725464,-0.035,128
531190,Lessors of Other Real Estate Property,0.35100001096725464,-0.035,128
531210,Offices of Real Estate Agents and Brokers,0.35100001096725464,-0.035,128
531311,Residential Property Managers,0.35100001096725464,-0.035,128
531312,Nonresidential Property Managers,0.35100001096725464,-0.035,128
531320,Offices of Real Estate Appraisers,0.35100001096725464,-0.035,128
531390,Other Activities Related to Real Estate,0.35100001096725464,-0.035,128
332311,Prefabricated Metal Building and Component Manufacturing,0.3499999940395355,-0.036,129
332312,Fabricated Structural Metal Manufacturing,0.3499999940395355,-0.036,129
332313,Plate Work Manufacturing,0.3499999940395355,-0.036,129
326140,Polystyrene Foam Product Manufacturing,0.34700000286102295,-0.039,130
323111,Commercial Printing (except Screen and Books),0.34700000286102295,-0.039,130
323113,Commercial Screen Printing,0.34700000286102295,-0.039,130
323117,Books Printing,0.34700000286102295,-0.039,130
336310,Motor Vehicle Gasoline Engine and Engine Parts Manufacturing,0.34599998593330383,-0.04,131
337215,"Showcase, Partition, Shelving, and Locker Manufacturing",0.33899998664855957,-0.047,132
326220,Rubber and Plastics Hoses and Belting Manufacturing,0.33500000834465027,-0.051,133
332721,Precision Turned Product Manufacturing,0.3319999873638153,-0.054,134
332722,"Bolt, Nut, Screw, Rivet, and Washer Manufacturing",0.3319999873638153,-0.054,134
212311,Dimension Stone Mining and Quarrying,0.3230000138282776,-0.063,135
212312,Crushed and Broken Limestone Mining and Quarrying,0.3230000138282776,-0.063,135
212313,Crushed and Broken Granite Mining and Quarrying,0.3230000138282776,-0.063,135
212319,Other Crushed and Broken Stone Mining and Quarrying,0.3230000138282776,-0.063,135
336112,Light Truck and Utility Vehicle Manufacturing,0.32199999690055847,-0.064,136
332999,All Other Miscellaneous Fabricated Metal Product Manufacturing,0.3199999928474426,-0.066,137
339950,Sign Manufacturing,0.3199999928474426,-0.066,137
333618,Other Engine Equipment Manufacturing,0.3179999887943268,-0.068,138
332710,Machine Shops,0.3140000104904175,-0.072,139
335911,Storage Battery Manufacturing,0.3140000104904175,-0.072,139
311811,Retail Bakeries,0.3140000104904175,-0.072,139
311812,Commercial Bakeries,0.3140000104904175,-0.072,139
311813,"Frozen Cakes, Pies, and Other Pastries Manufacturing",0.3140000104904175,-0.072,139
713910,Golf Courses and Country Clubs,0.31200000643730164,-0.074,140
713920,Skiing Facilities,0.31200000643730164,-0.074,140
713930,Marinas,0.31200000643730164,-0.074,140
713940,Fitness and Recreational Sports Centers,0.31200000643730164,-0.074,140
713950,Bowling Centers,0.31200000643730164,-0.074,140
713990,All Other Amusement and Recreation Industries,0.31200000643730164,-0.074,140
236210,Industrial Building Construction,0.3100000023841858,-0.076,141
314110,Carpet and Rug Mills,0.30799999833106995,-0.078,142
336120,Heavy Duty Truck Manufacturing,0.3070000112056732,-0.079,143
337211,Wood Office Furniture Manufacturing,0.3050000071525574,-0.081,144
337212,Custom Architectural Woodwork and Millwork Manufacturing,0.3050000071525574,-0.081,144
337214,Office Furniture (except Wood) Manufacturing,0.3050000071525574,-0.081,144
333131,Mining Machinery and Equipment Manufacturing,0.3019999861717224,-0.084,145
333132,Oil and Gas Field Machinery and Equipment Manufacturing,0.3019999861717224,-0.084,145
113110,Timber Tract Operations,0.3009999990463257,-0.085,146
113210,Forest Nurseries and Gathering of Forest Products,0.3009999990463257,-0.085,146
113310,Logging,0.3009999990463257,-0.085,146
335210,Small Electrical Appliance Manufacturing,0.30000001192092896,-0.086,147
337127,Institutional Furniture Manufacturing,0.29899999499320984,-0.087,148
237310,"Highway, Street, and Bridge Construction",0.296999990940094,-0.089,149
327991,Cut Stone and Stone Product Manufacturing,0.29600000381469727,-0.09,150
333921,Elevator and Moving Stairway Manufacturing,0.29600000381469727,-0.09,150
333922,Conveyor and Conveying Equipment Manufacturing,0.29600000381469727,-0.09,150
333923,"Overhead Traveling Crane, Hoist, and Monorail System Manufacturing",0.29600000381469727,-0.09,150
333924,"Industrial Truck, Tractor, Trailer, and Stacker Machinery Manufacturing",0.29600000381469727,-0.09,150
337124,Metal Household Furniture Manufacturing,0.2939999997615814,-0.092,151
337125,Household Furniture (except Wood and Metal) Manufacturing,0.2939999997615814,-0.092,151
339940,Office Supplies (except Paper) Manufacturing,0.2919999957084656,-0.094,152
336999,All Other Transportation Equipment Manufacturing,0.29100000858306885,-0.095,153
722513,Limited-Service Restaurants,0.28700000047683716,-0.099,154
323120,Support Activites for Printing,0.28600001335144043,-0.1,155
336320,Motor Vehicle Electrical and Electronic Equipment Manufacturing,0.2849999964237213,-0.101,156
332321,Metal Window and Door Manufacturing,0.2840000092983246,-0.102,157
332322,Sheet Metal Work Manufacturing,0.2840000092983246,-0.102,157
332323,Ornamental and Architectural Metal Work Manufacturing,0.2840000092983246,-0.102,157
335311,"Power, Distribution, and Specialty Transformer Manufacturing",0.2800000011920929,-0.106,158
336111,Automobile Manufacturing,0.27900001406669617,-0.107,159
332991,Ball and Roller Bearing Manufacturing,0.2770000100135803,-0.109,160
236118,Residential Remodelers,0.2770000100135803,-0.109,160
321113,Sawmills,0.27399998903274536,-0.112,161
321114,Wood Preservation,0.27399998903274536,-0.112,161
333995,Fluid Power Cylinder and Actuator Manufacturing,0.27399998903274536,-0.112,161
333996,Fluid Power Pump and Motor Manufacturing,0.27399998903274536,-0.112,161
333111,Farm Machinery and Equipment Manufacturing,0.2709999978542328,-0.115,162
237990,Other Heavy and Civil Engineering Construction,0.27000001072883606,-0.116,163
334413,Semiconductor and Related Device Manufacturing,0.26899999380111694,-0.117,164
114111,Finfish Fishing,0.2669999897480011,-0.119,165
114112,Shellfish Fishing,0.2669999897480011,-0.119,165
114119,Other Marine Fishing,0.2669999897480011,-0.119,165
114210,Hunting and Trapping,0.2669999897480011,-0.119,165
333515,Cutting Tool and Machine Tool Accessory Manufacturing,0.26600000262260437,-0.12,166
333519,Rolling Mill and Other Metalworking Machinery Manufacturing,0.26600000262260437,-0.12,166
333611,Turbine and Turbine Generator Set Units Manufacturing,0.2630000114440918,-0.123,167
333517,Machine Tool Manufacturing,0.2630000114440918,-0.123,167
333514,"Special Die and Tool, Die Set, Jig, and Fixture Manufacturing",0.2630000114440918,-0.123,167
314910,Textile Bag and Canvas Mills,0.2630000114440918,-0.123,167
314994,"Rope, Cordage, Twine, Tire Cord, and Tire Fabric Mills",0.2630000114440918,-0.123,167
314999,All Other Miscellaneous Textile Product Mills,0.2630000114440918,-0.123,167
336212,Truck Trailer Manufacturing,0.2619999945163727,-0.124,168
335931,Current-Carrying Wiring Device Manufacturing,0.26100000739097595,-0.125,169
335932,Noncurrent-Carrying Wiring Device Manufacturing,0.26100000739097595,-0.125,169
333997,Scale and Balance Manufacturing,0.25999999046325684,-0.126,170
333999,All Other Miscellaneous General Purpose Machinery Manufacturing,0.25999999046325684,-0.126,170
333992,Welding and Soldering Equipment Manufacturing,0.25999999046325684,-0.126,170
325411,Medicinal and Botanical Manufacturing,0.25999999046325684,-0.126,170
336214,Travel Trailer and Camper Manufacturing,0.25699999928474426,-0.129,171
492110,Couriers and Express Delivery Services,0.25699999928474426,-0.129,171
492210,Local Messengers and Local Delivery,0.25699999928474426,-0.129,171
316110,Leather and Hide Tanning and Finishing,0.25600001215934753,-0.13,172
316210,Footwear Manufacturing,0.25600001215934753,-0.13,172
316992,Women's Handbag and Purse Manufacturing,0.25600001215934753,-0.13,172
316998,All Other Leather Good and Allied Product Manufacturing,0.25600001215934753,-0.13,172
236220,Commercial and Institutional Building Construction,0.25600001215934753,-0.13,172
333613,Mechanical Power Transmission Equipment Manufacturing,0.25099998712539673,-0.135,173
335121,Residential Electric Lighting Fixture Manufacturing,0.25,-0.136,174
335122,"Commercial, Industrial, and Institutional Electric Lighting Fixture Manufacturing",0.25,-0.136,174
335129,Other Lighting Equipment Manufacturing,0.25,-0.136,174
337121,Upholstered Household Furniture Manufacturing,0.24899999797344208,-0.137,175
624210,Community Food Services,0.24799999594688416,-0.138,176
624221,Temporary Shelters,0.24799999594688416,-0.138,176
624229,Other Community Housing Services,0.24799999594688416,-0.138,176
624230,Emergency and Other Relief Services,0.24799999594688416,-0.138,176
624310,Vocational Rehabilitation Services,0.24799999594688416,-0.138,176
336211,Motor Vehicle Body Manufacturing,0.24699999392032623,-0.139,177
333120,Construction Machinery Manufacturing,0.2460000067949295,-0.14,178
336611,Ship Building and Repairing,0.24500000476837158,-0.141,179
238110,Poured Concrete Foundation and Structure Contractors,0.24500000476837158,-0.141,179
238120,Structural Steel and Precast Concrete Contractors,0.24500000476837158,-0.141,179
238130,Framing Contractors,0.24500000476837158,-0.141,179
238140,Masonry Contractors,0.24500000476837158,-0.141,179
238150,Glass and Glazing Contractors,0.24500000476837158,-0.141,179
238160,Roofing Contractors,0.24500000476837158,-0.141,179
238170,Siding Contractors,0.24500000476837158,-0.141,179
238190,"Other Foundation, Structure, and Building Exterior Contractors",0.24500000476837158,-0.141,179
238210,Electrical Contractors and Other Wiring Installation Contractors,0.24500000476837158,-0.141,179
238220,"Plumbing, Heating, and Air-Conditioning Contractors",0.24500000476837158,-0.141,179
238290,Other Building Equipment Contractors,0.24500000476837158,-0.141,179
238310,Drywall and Insulation Contractors,0.24500000476837158,-0.141,179
238320,Painting and Wall Covering Contractors,0.24500000476837158,-0.141,179
238330,Flooring Contractors,0.24500000476837158,-0.141,179
238340,Tile and Terrazzo Contractors,0.24500000476837158,-0.141,179
238350,Finish Carpentry Contractors,0.24500000476837158,-0.141,179
238390,Other Building Finishing Contractors,0.24500000476837158,-0.141,179
238910,Site Preparation Contractors,0.24500000476837158,-0.141,179
238990,All Other Specialty Trade Contractors,0.24500000476837158,-0.141,179
327910,Abrasive Product Manufacturing,0.24400000274181366,-0.142,180
333318,Other Commercial and Service Industry Machinery Manufacturing,0.24400000274181366,-0.142,180
333413,Industrial and Commercial Fan and Blower and Air Purification Equipment Manufacturing,0.24199999868869781,-0.144,181
332919,Other Metal Valve and Pipe Fitting Manufacturing,0.23999999463558197,-0.146,182
332911,Industrial Valve Manufacturing,0.23999999463558197,-0.146,182
332912,Fluid Power Valve and Hose Fitting Manufacturing,0.23999999463558197,-0.146,182
332215,"Metal Kitchen Cookware, Utensil, Cutlery, and Flatware (except Precious) Manufacturing",0.23999999463558197,-0.146,182
332216,Saw Blade and Handtool Manufacturing,0.23999999463558197,-0.146,182
335313,Switchgear and Switchboard Apparatus Manufacturing,0.23999999463558197,-0.146,182
237210,Land Subdivision,0.23899999260902405,-0.147,183
445110,Supermarkets and Other Grocery (except Convenience) Stores,0.23800000548362732,-0.148,184
445120,Convenience Stores,0.23800000548362732,-0.148,184
445210,Meat Markets,0.23800000548362732,-0.148,184
445220,Fish and Seafood Markets,0.23800000548362732,-0.148,184
445230,Fruit and Vegetable Markets,0.23800000548362732,-0.148,184
445291,Baked Goods Stores,0.23800000548362732,-0.148,184
445292,Confectionery and Nut Stores,0.23800000548362732,-0.148,184
445299,All Other Specialty Food Stores,0.23800000548362732,-0.148,184
445310,"Beer, Wine, and Liquor Stores",0.23800000548362732,-0.148,184
333415,Air-Conditioning and Warm Air Heating Equipment and Commercial and Industrial Refrigeration Equipment Manufacturing,0.23600000143051147,-0.15,185
424410,General Line Grocery Merchant Wholesalers,0.23499999940395355,-0.151,186
424420,Packaged Frozen Food Merchant Wholesalers,0.23499999940395355,-0.151,186
424430,Dairy Product (except Dried or Canned) Merchant Wholesalers,0.23499999940395355,-0.151,186
424440,Poultry and Poultry Product Merchant Wholesalers,0.23499999940395355,-0.151,186
424450,Confectionery Merchant Wholesalers,0.23499999940395355,-0.151,186
424460,Fish and Seafood Merchant Wholesalers,0.23499999940395355,-0.151,186
424470,Meat and Meat Product Merchant Wholesalers,0.23499999940395355,-0.151,186
424480,Fresh Fruit and Vegetable Merchant Wholesalers,0.23499999940395355,-0.151,186
424490,Other Grocery and Related Products Merchant Wholesalers,0.23499999940395355,-0.151,186
332410,Power Boiler and Heat Exchanger Manufacturing,0.23399999737739563,-0.152,187
333612,"Speed Changer, Industrial High-Speed Drive, and Gear Manufacturing",0.2329999953508377,-0.153,188
335312,Motor and Generator Manufacturing,0.2290000021457672,-0.157,189
336991,"Motorcycle, Bicycle, and Parts Manufacturing",0.2290000021457672,-0.157,189
339920,Sporting and Athletic Goods Manufacturing,0.2280000001192093,-0.158,190
335220,Major Household Appliance Manufacturing,0.2280000001192093,-0.158,190
335912,Primary Battery Manufacturing,0.22699999809265137,-0.159,191
333994,Industrial Process Furnace and Oven Manufacturing,0.22599999606609344,-0.16,192
337910,Mattress Manufacturing,0.22499999403953552,-0.161,193
337920,Blind and Shade Manufacturing,0.22499999403953552,-0.161,193
339991,"Gasket, Packing, and Sealing Device Manufacturing",0.22499999403953552,-0.161,193
339992,Musical Instrument Manufacturing,0.22499999403953552,-0.161,193
339993,"Fastener, Button, Needle, and Pin Manufacturing",0.22499999403953552,-0.161,193
339994,"Broom, Brush, and Mop Manufacturing",0.22499999403953552,-0.161,193
339995,Burial Casket Manufacturing,0.22499999403953552,-0.161,193
339999,All Other Miscellaneous Manufacturing,0.22499999403953552,-0.161,193
332510,Hardware Manufacturing,0.2199999988079071,-0.166,194
314120,Curtain and Linen Mills,0.2199999988079071,-0.166,194
321211,Hardwood Veneer and Plywood Manufacturing,0.21799999475479126,-0.168,195
321212,Softwood Veneer and Plywood Manufacturing,0.21799999475479126,-0.168,195
321213,Engineered Wood Member (except Truss) Manufacturing,0.21799999475479126,-0.168,195
321214,Truss Manufacturing,0.21799999475479126,-0.168,195
321219,Reconstituted Wood Product Manufacturing,0.21799999475479126,-0.168,195
333912,Air and Gas Compressor Manufacturing,0.21799999475479126,-0.168,195
722511,Full-Service Restaurants,0.21799999475479126,-0.168,195
333242,Semiconductor Machinery Manufacturing,0.21699999272823334,-0.169,196
334220,Radio and Television Broadcasting and Wireless Communications Equipment Manufacturing,0.2150000035762787,-0.171,197
336413,Other Aircraft Parts and Auxiliary Equipment Manufacturing,0.2150000035762787,-0.171,197
337122,Nonupholstered Wood Household Furniture Manufacturing,0.21299999952316284,-0.173,198
561210,Facilities Support Services,0.21299999952316284,-0.173,198
333243,"Sawmill, Woodworking, and Paper Machinery Manufacturing",0.20999999344348907,-0.176,199
333244,Printing Machinery and Equipment Manufacturing,0.20999999344348907,-0.176,199
333249,Other Industrial Machinery Manufacturing,0.20999999344348907,-0.176,199
333241,Food Product Machinery Manufacturing,0.20999999344348907,-0.176,199
312130,Wineries,0.20999999344348907,-0.176,199
487110,"Scenic and Sightseeing Transportation, Land",0.20800000429153442,-0.178,200
487210,"Scenic and Sightseeing Transportation, Water",0.20800000429153442,-0.178,200
487990,"Scenic and Sightseeing Transportation, Other",0.20800000429153442,-0.178,200
488111,Air Traffic Control,0.20800000429153442,-0.178,200
488119,Other Airport Operations,0.20800000429153442,-0.178,200
488190,Other Support Activities for Air Transportation,0.20800000429153442,-0.178,200
488210,Support Activities for Rail Transportation,0.20800000429153442,-0.178,200
488310,Port and Harbor Operations,0.20800000429153442,-0.178,200
488320,Marine Cargo Handling,0.20800000429153442,-0.178,200
488330,Navigational Services to Shipping,0.20800000429153442,-0.178,200
488390,Other Support Activities for Water Transportation,0.20800000429153442,-0.178,200
488410,Motor Vehicle Towing,0.20800000429153442,-0.178,200
488490,Other Support Activities for Road Transportation,0.20800000429153442,-0.178,200
488510,Freight Transportation Arrangement,0.20800000429153442,-0.178,200
488991,Packing and Crating,0.20800000429153442,-0.178,200
488999,All Other Support Activities for Transportation,0.20800000429153442,-0.178,200
333414,Heating Equipment (except Warm Air Furnaces) Manufacturing,0.2070000022649765,-0.179,201
448110,Men's Clothing Stores,0.20399999618530273,-0.182,202
448120,Women's Clothing Stores,0.20399999618530273,-0.182,202
448130,Children's and Infants' Clothing Stores,0.20399999618530273,-0.182,202
448140,Family Clothing Stores,0.20399999618530273,-0.182,202
448150,Clothing Accessories Stores,0.20399999618530273,-0.182,202
448190,Other Clothing Stores,0.20399999618530273,-0.182,202
448210,Shoe Stores,0.20399999618530273,-0.182,202
448310,Jewelry Stores,0.20399999618530273,-0.182,202
448320,Luggage and Leather Goods Stores,0.20399999618530273,-0.182,202
333914,"Measuring, Dispensing, and Other Pumping Equipment Manufacturing",0.20200000703334808,-0.184,203
336213,Motor Home Manufacturing,0.20200000703334808,-0.184,203
334210,Telephone Apparatus Manufacturing,0.20100000500679016,-0.185,204
321920,Wood Container and Pallet Manufacturing,0.20000000298023224,-0.186,205
321991,Manufactured Home (Mobile Home) Manufacturing,0.20000000298023224,-0.186,205
321992,Prefabricated Wood Building Manufacturing,0.20000000298023224,-0.186,205
321999,All Other Miscellaneous Wood Product Manufacturing,0.20000000298023224,-0.186,205
325620,Toilet Preparation Manufacturing,0.19900000095367432,-0.187,206
334517,Irradiation Apparatus Manufacturing,0.19699999690055847,-0.189,207
562111,Solid Waste Collection,0.19699999690055847,-0.189,207
813110,Religious Organizations,0.19699999690055847,-0.189,207
447110,Gasoline Stations with Convenience Stores,0.19599999487400055,-0.19,208
447190,Other Gasoline Stations,0.19599999487400055,-0.19,208
337110,Wood Kitchen Cabinet and Countertop Manufacturing,0.19599999487400055,-0.19,208
236117,New Housing For-Sale Builders,0.19499999284744263,-0.191,209
332992,Small Arms Ammunition Manufacturing,0.1940000057220459,-0.192,210
332993,Ammunition (except Small Arms) Manufacturing,0.1940000057220459,-0.192,210
332994,"Small Arms, Ordnance, and Ordnance Accessories Manufacturing",0.1940000057220459,-0.192,210
452210,Department Stores,0.1940000057220459,-0.192,210
452311,Warehouse Clubs and Supercenters,0.1940000057220459,-0.192,210
452319,All Other General Merchandise Stores,0.1940000057220459,-0.192,210
332913,Plumbing Fixture Fitting and Trim Manufacturing,0.19300000369548798,-0.193,211
333112,Lawn and Garden Tractor and Home Lawn and Garden Equipment Manufacturing,0.19200000166893005,-0.194,212
339112,Surgical and Medical Instrument Manufacturing,0.1899999976158142,-0.196,213
491110,Postal Service,0.1899999976158142,-0.196,213
339930,"Doll, Toy, and Game Manufacturing",0.18700000643730164,-0.199,214
424510,Grain and Field Bean Merchant Wholesalers,0.18700000643730164,-0.199,214
424520,Livestock Merchant Wholesalers,0.18700000643730164,-0.199,214
424590,Other Farm Product Raw Material Merchant Wholesalers,0.18700000643730164,-0.199,214
424610,Plastics Materials and Basic Forms and Shapes Merchant Wholesalers,0.18700000643730164,-0.199,214
424690,Other Chemical and Allied Products Merchant Wholesalers,0.18700000643730164,-0.199,214
424110,Printing and Writing Paper Merchant Wholesalers,0.18700000643730164,-0.199,214
424120,Stationery and Office Supplies Merchant Wholesalers,0.18700000643730164,-0.199,214
424130,Industrial and Personal Service Paper Merchant Wholesalers,0.18700000643730164,-0.199,214
424810,Beer and Ale Merchant Wholesalers,0.18700000643730164,-0.199,214
424820,Wine and Distilled Alcoholic Beverage Merchant Wholesalers,0.18700000643730164,-0.199,214
424910,Farm Supplies Merchant Wholesalers,0.18700000643730164,-0.199,214
424920,"Book, Periodical, and Newspaper Merchant Wholesalers",0.18700000643730164,-0.199,214
424930,"Flower, Nursery Stock, and Florists' Supplies Merchant Wholesalers",0.18700000643730164,-0.199,214
424940,Tobacco and Tobacco Product Merchant Wholesalers,0.18700000643730164,-0.199,214
424950,"Paint, Varnish, and Supplies Merchant Wholesalers",0.18700000643730164,-0.199,214
424990,Other Miscellaneous Nondurable Goods Merchant Wholesalers,0.18700000643730164,-0.199,214
424310,"Piece Goods, Notions, and Other Dry Goods Merchant Wholesalers",0.18700000643730164,-0.199,214
424320,Men's and Boys' Clothing and Furnishings Merchant Wholesalers,0.18700000643730164,-0.199,214
424330,"Women's, Children's, and Infants' Clothing and Accessories Merchant Wholesalers",0.18700000643730164,-0.199,214
424340,Footwear Merchant Wholesalers,0.18700000643730164,-0.199,214
321911,Wood Window and Door Manufacturing,0.18700000643730164,-0.199,214
321912,"Cut Stock, Resawing Lumber, and Planing",0.18700000643730164,-0.199,214
321918,Other Millwork (including Flooring),0.18700000643730164,-0.199,214
333993,Packaging Machinery Manufacturing,0.1860000044107437,-0.2,215
334118,Computer Terminal and Other Computer Peripheral Equipment Manufacturing,0.18299999833106995,-0.203,216
721110,Hotels (except Casino Hotels) and Motels,0.18299999833106995,-0.203,216
721120,Casino Hotels,0.18299999833106995,-0.203,216
721191,Bed-and-Breakfast Inns,0.18299999833106995,-0.203,216
721199,All Other Traveler Accommodation,0.18299999833106995,-0.203,216
721211,RV (Recreational Vehicle) Parks and Campgrounds,0.18299999833106995,-0.203,216
721214,Recreational and Vacation Camps (except Campgrounds),0.18299999833106995,-0.203,216
721310,"Rooming and Boarding Houses, Dormitories, and Workers' Camps",0.18299999833106995,-0.203,216
621910,Ambulance Services,0.1809999942779541,-0.205,217
621991,Blood and Organ Banks,0.1809999942779541,-0.205,217
621999,All Other Miscellaneous Ambulatory Health Care Services,0.1809999942779541,-0.205,217
333316,Photographic and Photocopying Equipment Manufacturing,0.17900000512599945,-0.207,218
333314,Optical Instrument and Lens Manufacturing,0.17800000309944153,-0.208,219
335999,All Other Miscellaneous Electrical Equipment and Component Manufacturing,0.17599999904632568,-0.21,220
541713,Research and Development in Nanotechnology,0.17399999499320984,-0.212,221
541714,Research and Development in Biotechnology (except Nanobiotechnology),0.17399999499320984,-0.212,221
541715,"Research and Development in the Physical, Engineering, and Life Sciences (except Nanotechnology and Biotechnology)",0.17399999499320984,-0.212,221
541720,Research and Development in the Social Sciences and Humanities,0.17399999499320984,-0.212,221
339113,Surgical Appliance and Supplies Manufacturing,0.17000000178813934,-0.216,222
339114,Dental Equipment and Supplies Manufacturing,0.17000000178813934,-0.216,222
611210,Junior Colleges,0.1679999977350235,-0.218,223
611310,"Colleges, Universities, and Professional Schools",0.1679999977350235,-0.218,223
517312,Wireless Telecommunications Carriers (except Satellite),0.1679999977350235,-0.218,223
561710,Exterminating and Pest Control Services,0.16699999570846558,-0.219,224
561720,Janitorial Services,0.16699999570846558,-0.219,224
561730,Landscaping Services,0.16699999570846558,-0.219,224
561740,Carpet and Upholstery Cleaning Services,0.16699999570846558,-0.219,224
561790,Other Services to Buildings and Dwellings,0.16699999570846558,-0.219,224
334412,Bare Printed Circuit Board Manufacturing,0.16699999570846558,-0.219,224
334416,"Capacitor, Resistor, Coil, Transformer, and Other Inductor Manufacturing",0.16699999570846558,-0.219,224
334417,Electronic Connector Manufacturing,0.16699999570846558,-0.219,224
334419,Other Electronic Component Manufacturing,0.16699999570846558,-0.219,224
336612,Boat Building,0.16599999368190765,-0.22,225
236115,New Single-Family Housing Construction (except For-Sale Builders),0.16599999368190765,-0.22,225
624410,Child Day Care Services,0.16599999368190765,-0.22,225
525110,Pension Funds,0.16599999368190765,-0.22,225
525120,Health and Welfare Funds,0.16599999368190765,-0.22,225
525190,Other Insurance Funds,0.16599999368190765,-0.22,225
525910,Open-End Investment Funds,0.16599999368190765,-0.22,225
525920,"Trusts, Estates, and Agency Accounts",0.16599999368190765,-0.22,225
525990,Other Financial Vehicles,0.16599999368190765,-0.22,225
333991,Power-Driven Handtool Manufacturing,0.16500000655651093,-0.221,226
336414,Guided Missile and Space Vehicle Manufacturing,0.164000004529953,-0.222,227
442110,Furniture Stores,0.16300000250339508,-0.223,228
442210,Floor Covering Stores,0.16300000250339508,-0.223,228
442291,Window Treatment Stores,0.16300000250339508,-0.223,228
442299,All Other Home Furnishings Stores,0.16300000250339508,-0.223,228
443141,Household Appliance Stores,0.16300000250339508,-0.223,228
443142,Electronics Stores,0.16300000250339508,-0.223,228
453110,Florists,0.16300000250339508,-0.223,228
453210,Office Supplies and Stationery Stores,0.16300000250339508,-0.223,228
453220,"Gift, Novelty, and Souvenir Stores",0.16300000250339508,-0.223,228
453310,Used Merchandise Stores,0.16300000250339508,-0.223,228
453910,Pet and Pet Supplies Stores,0.16300000250339508,-0.223,228
453920,Art Dealers,0.16300000250339508,-0.223,228
453930,Manufactured (Mobile) Home Dealers,0.16300000250339508,-0.223,228
453991,Tobacco Stores,0.16300000250339508,-0.223,228
453998,All Other Miscellaneous Store Retailers (except Tobacco Stores),0.16300000250339508,-0.223,228
451110,Sporting Goods Stores,0.16300000250339508,-0.223,228
451120,"Hobby, Toy, and Game Stores",0.16300000250339508,-0.223,228
451130,"Sewing, Needlework, and Piece Goods Stores",0.16300000250339508,-0.223,228
451140,Musical Instrument and Supplies Stores,0.16300000250339508,-0.223,228
451211,Book Stores,0.16300000250339508,-0.223,228
451212,News Dealers and Newsstands,0.16300000250339508,-0.223,228
623990,Other Residential Care Facilities,0.16300000250339508,-0.223,228
623210,Residential Intellectual and Developmental Disability Facilities,0.16300000250339508,-0.223,228
623220,Residential Mental Health and Substance Abuse Facilities,0.16300000250339508,-0.223,228
562910,Remediation Services,0.16300000250339508,-0.223,228
713210,Casinos (except Casino Hotels),0.16300000250339508,-0.223,228
713290,Other Gambling Industries,0.16300000250339508,-0.223,228
812310,Coin-Operated Laundries and Drycleaners,0.16200000047683716,-0.224,229
812320,Drycleaning and Laundry Services (except Coin-Operated),0.16200000047683716,-0.224,229
812331,Linen Supply,0.16200000047683716,-0.224,229
812332,Industrial Launderers,0.16200000047683716,-0.224,229
511140,Directory and Mailing List Publishers,0.1599999964237213,-0.226,230
511191,Greeting Card Publishers,0.1599999964237213,-0.226,230
511199,All Other Publishers,0.1599999964237213,-0.226,230
562920,Materials Recovery Facilities,0.15800000727176666,-0.228,231
334418,Printed Circuit Assembly (Electronic Assembly) Manufacturing,0.15800000727176666,-0.228,231
623311,Continuing Care Retirement Communities,0.15700000524520874,-0.229,232
623312,Assisted Living Facilities for the Elderly,0.15700000524520874,-0.229,232
622110,General Medical and Surgical Hospitals,0.15700000524520874,-0.229,232
622210,Psychiatric and Substance Abuse Hospitals,0.15700000524520874,-0.229,232
622310,Specialty (except Psychiatric and Substance Abuse) Hospitals,0.15700000524520874,-0.229,232
623110,Nursing Care Facilities (Skilled Nursing Facilities),0.15700000524520874,-0.229,232
712110,Museums,0.15600000321865082,-0.23,233
712120,Historical Sites,0.15600000321865082,-0.23,233
712130,Zoos and Botanical Gardens,0.15600000321865082,-0.23,233
712190,Nature Parks and Other Similar Institutions,0.15600000321865082,-0.23,233
339910,Jewelry and Silverware Manufacturing,0.15600000321865082,-0.23,233
722514,"Cafeterias, Grill Buffets, and Buffets",0.1550000011920929,-0.231,234
722515,Snack and Nonalcoholic Beverage Bars,0.1550000011920929,-0.231,234
722310,Food Service Contractors,0.1550000011920929,-0.231,234
722320,Caterers,0.1550000011920929,-0.231,234
722330,Mobile Food Services,0.1550000011920929,-0.231,234
722410,Drinking Places (Alcoholic Beverages),0.1550000011920929,-0.231,234
335314,Relay and Industrial Control Manufacturing,0.15299999713897705,-0.233,235
446110,Pharmacies and Drug Stores,0.1509999930858612,-0.235,236
446120,"Cosmetics, Beauty Supplies, and Perfume Stores",0.1509999930858612,-0.235,236
446130,Optical Goods Stores,0.1509999930858612,-0.235,236
446191,Food (Health) Supplement Stores,0.1509999930858612,-0.235,236
446199,All Other Health and Personal Care Stores,0.1509999930858612,-0.235,236
336411,Aircraft Manufacturing,0.15000000596046448,-0.236,237
423110,Automobile and Other Motor Vehicle Merchant Wholesalers,0.14900000393390656,-0.237,238
423120,Motor Vehicle Supplies and New Parts Merchant Wholesalers,0.14900000393390656,-0.237,238
423130,Tire and Tube Merchant Wholesalers,0.14900000393390656,-0.237,238
423140,Motor Vehicle Parts (Used) Merchant Wholesalers,0.14900000393390656,-0.237,238
518210,"Data Processing, Hosting, and Related Services",0.14800000190734863,-0.238,239
423210,Furniture Merchant Wholesalers,0.1469999998807907,-0.239,240
423220,Home Furnishing Merchant Wholesalers,0.1469999998807907,-0.239,240
423310,"Lumber, Plywood, Millwork, and Wood Panel Merchant Wholesalers",0.1469999998807907,-0.239,240
423320,"Brick, Stone, and Related Construction Material Merchant Wholesalers",0.1469999998807907,-0.239,240
423330,"Roofing, Siding, and Insulation Material Merchant Wholesalers",0.1469999998807907,-0.239,240
423390,Other Construction Material Merchant Wholesalers,0.1469999998807907,-0.239,240
423510,Metal Service Centers and Other Metal Merchant Wholesalers,0.1469999998807907,-0.239,240
423520,Coal and Other Mineral and Ore Merchant Wholesalers,0.1469999998807907,-0.239,240
423710,Hardware Merchant Wholesalers,0.1469999998807907,-0.239,240
423720,Plumbing and Heating Equipment and Supplies (Hydronics) Merchant Wholesalers,0.1469999998807907,-0.239,240
423730,Warm Air Heating and Air-Conditioning Equipment and Supplies Merchant Wholesalers,0.1469999998807907,-0.239,240
423740,Refrigeration Equipment and Supplies Merchant Wholesalers,0.1469999998807907,-0.239,240
423910,Sporting and Recreational Goods and Supplies Merchant Wholesalers,0.1469999998807907,-0.239,240
423920,Toy and Hobby Goods and Supplies Merchant Wholesalers,0.1469999998807907,-0.239,240
423930,Recyclable Material Merchant Wholesalers,0.1469999998807907,-0.239,240
423940,"Jewelry, Watch, Precious Stone, and Precious Metal Merchant Wholesalers",0.1469999998807907,-0.239,240
423990,Other Miscellaneous Durable Goods Merchant Wholesalers,0.1469999998807907,-0.239,240
336415,Guided Missile and Space Vehicle Propulsion Unit and Propulsion Unit Parts Manufacturing,0.1459999978542328,-0.24,241
336419,Other Guided Missile and Space Vehicle Parts and Auxiliary Equipment Manufacturing,0.1459999978542328,-0.24,241
515210,Cable and Other Subscription Programming,0.1459999978542328,-0.24,241
624110,Child and Youth Services,0.14499999582767487,-0.241,242
624120,Services for the Elderly and Persons with Disabilities,0.14499999582767487,-0.241,242
624190,Other Individual and Family Services,0.14499999582767487,-0.241,242
315110,Hosiery and Sock Mills,0.14499999582767487,-0.241,242
315190,Other Apparel Knitting Mills,0.14499999582767487,-0.241,242
315210,Cut and Sew Apparel Contractors,0.14499999582767487,-0.241,242
315220,Men's and Boys' Cut and Sew Apparel Manufacturing,0.14499999582767487,-0.241,242
315240,"Women's, Girls', and Infants' Cut and Sew Apparel Manufacturing",0.14499999582767487,-0.241,242
315280,Other Cut and Sew Apparel Manufacturing,0.14499999582767487,-0.241,242
315990,Apparel Accessories and Other Apparel Manufacturing,0.14499999582767487,-0.241,242
325413,In-Vitro Diagnostic Substance Manufacturing,0.14300000667572021,-0.243,243
532111,Passenger Car Rental,0.14300000667572021,-0.243,243
532112,Passenger Car Leasing,0.14300000667572021,-0.243,243
532120,"Truck, Utility Trailer, and RV (Recreational Vehicle) Rental and Leasing",0.14300000667572021,-0.243,243
334510,Electromedical and Electrotherapeutic Apparatus Manufacturing,0.1420000046491623,-0.244,244
532411,"Commercial Air, Rail, and Water Transportation Equipment Rental and Leasing",0.14000000059604645,-0.246,245
532412,"Construction, Mining, and Forestry Machinery and Equipment Rental and Leasing",0.14000000059604645,-0.246,245
532420,Office Machinery and Equipment Rental and Leasing,0.14000000059604645,-0.246,245
532490,Other Commercial and Industrial Machinery and Equipment Rental and Leasing,0.14000000059604645,-0.246,245
811310,Commercial and Industrial Machinery and Equipment (except Automotive and Electronic) Repair and Maintenance,0.14000000059604645,-0.246,245
541940,Veterinary Services,0.13899999856948853,-0.247,246
713110,Amusement and Theme Parks,0.1379999965429306,-0.248,247
713120,Amusement Arcades,0.1379999965429306,-0.248,247
339115,Ophthalmic Goods Manufacturing,0.1379999965429306,-0.248,247
334512,"Automatic Environmental Control Manufacturing for Residential, Commercial, and Appliance Use",0.13699999451637268,-0.249,248
611110,Elementary and Secondary Schools,0.13699999451637268,-0.249,248
511120,Periodical Publishers,0.13600000739097595,-0.25,249
813410,Civic and Social Organizations,0.13600000739097595,-0.25,249
813910,Business Associations,0.13600000739097595,-0.25,249
813920,Professional Organizations,0.13600000739097595,-0.25,249
813930,Labor Unions and Similar Labor Organizations,0.13600000739097595,-0.25,249
813940,Political Organizations,0.13600000739097595,-0.25,249
813990,"Other Similar Organizations (except Business, Professional, Labor, and Political Organizations)",0.13600000739097595,-0.25,249
334112,Computer Storage Device Manufacturing,0.13600000739097595,-0.25,249
334613,Blank Magnetic and Optical Recording Media Manufacturing,0.1340000033378601,-0.252,250
334614,"Software and Other Prerecorded Compact Disc, Tape, and Record Reproducing",0.1340000033378601,-0.252,250
532210,Consumer Electronics and Appliances Rental,0.1340000033378601,-0.252,250
532281,Formal Wear and Costume Rental,0.1340000033378601,-0.252,250
532282,Video Tape and Disc Rental,0.1340000033378601,-0.252,250
532283,Home Health Equipment Rental,0.1340000033378601,-0.252,250
532284,Recreational Goods Rental,0.1340000033378601,-0.252,250
532289,All Other Consumer Goods Rental,0.1340000033378601,-0.252,250
532310,General Rental Centers,0.1340000033378601,-0.252,250
511110,Newspaper Publishers,0.13099999725818634,-0.255,251
424210,Drugs and Druggists' Sundries Merchant Wholesalers,0.13099999725818634,-0.255,251
551111,Offices of Bank Holding Companies,0.12999999523162842,-0.256,252
551112,Offices of Other Holding Companies,0.12999999523162842,-0.256,252
551114,"Corporate, Subsidiary, and Regional Managing Offices",0.12999999523162842,-0.256,252
541810,Advertising Agencies,0.1289999932050705,-0.257,253
541820,Public Relations Agencies,0.1289999932050705,-0.257,253
541830,Media Buying Agencies,0.1289999932050705,-0.257,253
541840,Media Representatives,0.1289999932050705,-0.257,253
541850,Outdoor Advertising,0.1289999932050705,-0.257,253
541860,Direct Mail Advertising,0.1289999932050705,-0.257,253
541870,Advertising Material Distribution Services,0.1289999932050705,-0.257,253
541890,Other Services Related to Advertising,0.1289999932050705,-0.257,253
519130,Internet Publishing and Broadcasting and Web Search Portals,0.12800000607967377,-0.258,254
621511,Medical Laboratories,0.12700000405311584,-0.259,255
621512,Diagnostic Imaging Centers,0.12700000405311584,-0.259,255
811111,General Automotive Repair,0.12700000405311584,-0.259,255
811112,Automotive Exhaust System Repair,0.12700000405311584,-0.259,255
811113,Automotive Transmission Repair,0.12700000405311584,-0.259,255
811118,Other Automotive Mechanical and Electrical Repair and Maintenance,0.12700000405311584,-0.259,255
811121,"Automotive Body, Paint, and Interior Repair and Maintenance",0.12700000405311584,-0.259,255
811122,Automotive Glass Replacement Shops,0.12700000405311584,-0.259,255
811191,Automotive Oil Change and Lubrication Shops,0.12700000405311584,-0.259,255
811192,Car Washes,0.12700000405311584,-0.259,255
811198,All Other Automotive Repair and Maintenance,0.12700000405311584,-0.259,255
541310,Architectural Services,0.125,-0.261,256
541320,Landscape Architectural Services,0.125,-0.261,256
541330,Engineering Services,0.125,-0.261,256
541340,Drafting Services,0.125,-0.261,256
541350,Building Inspection Services,0.125,-0.261,256
541360,Geophysical Surveying and Mapping Services,0.125,-0.261,256
541370,Surveying and Mapping (except Geophysical) Services,0.125,-0.261,256
541380,Testing Laboratories,0.125,-0.261,256
511130,Book Publishers,0.125,-0.261,256
517410,Satellite Telecommunications,0.125,-0.261,256
517911,Telecommunications Resellers,0.125,-0.261,256
517919,All Other Telecommunications,0.125,-0.261,256
611410,Business and Secretarial Schools,0.125,-0.261,256
611420,Computer Training,0.125,-0.261,256
611430,Professional and Management Development Training,0.125,-0.261,256
611511,Cosmetology and Barber Schools,0.125,-0.261,256
611512,Flight Training,0.125,-0.261,256
611513,Apprenticeship Training,0.125,-0.261,256
611519,Other Technical and Trade Schools,0.125,-0.261,256
611610,Fine Arts Schools,0.125,-0.261,256
611620,Sports and Recreation Instruction,0.125,-0.261,256
611630,Language Schools,0.125,-0.261,256
611691,Exam Preparation and Tutoring,0.125,-0.261,256
611692,Automobile Driving Schools,0.125,-0.261,256
611699,All Other Miscellaneous Schools and Instruction,0.125,-0.261,256
611710,Educational Support Services,0.125,-0.261,256
334310,Audio and Video Equipment Manufacturing,0.12399999797344208,-0.262,257
541921,"Photography Studios, Portrait",0.12200000137090683,-0.264,258
541922,Commercial Photography,0.12200000137090683,-0.264,258
561910,Packaging and Labeling Services,0.12099999934434891,-0.265,259
561920,Convention and Trade Show Organizers,0.12099999934434891,-0.265,259
561990,All Other Support Services,0.12099999934434891,-0.265,259
621310,Offices of Chiropractors,0.11999999731779099,-0.266,260
621320,Offices of Optometrists,0.11999999731779099,-0.266,260
621330,Offices of Mental Health Practitioners (except Physicians),0.11999999731779099,-0.266,260
621340,"Offices of Physical, Occupational and Speech Therapists, and Audiologists",0.11999999731779099,-0.266,260
621391,Offices of Podiatrists,0.11999999731779099,-0.266,260
621399,Offices of All Other Miscellaneous Health Practitioners,0.11999999731779099,-0.266,260
561410,Document Preparation Services,0.11800000071525574,-0.268,261
561421,Telephone Answering Services,0.11800000071525574,-0.268,261
561422,Telemarketing Bureaus and Other Contact Centers,0.11800000071525574,-0.268,261
561431,Private Mail Centers,0.11800000071525574,-0.268,261
561439,Other Business Service Centers (including Copy Shops),0.11800000071525574,-0.268,261
561440,Collection Agencies,0.11800000071525574,-0.268,261
561450,Credit Bureaus,0.11800000071525574,-0.268,261
561491,Repossession Services,0.11800000071525574,-0.268,261
561492,Court Reporting and Stenotype Services,0.11800000071525574,-0.268,261
561499,All Other Business Support Services,0.11800000071525574,-0.268,261
312230,Tobacco Manufacturing,0.11800000071525574,-0.268,261
423810,Construction and Mining (except Oil Well) Machinery and Equipment Merchant Wholesalers,0.11699999868869781,-0.269,262
423820,Farm and Garden Machinery and Equipment Merchant Wholesalers,0.11699999868869781,-0.269,262
423830,Industrial Machinery and Equipment Merchant Wholesalers,0.11699999868869781,-0.269,262
423840,Industrial Supplies Merchant Wholesalers,0.11699999868869781,-0.269,262
423850,Service Establishment Equipment and Supplies Merchant Wholesalers,0.11699999868869781,-0.269,262
423860,Transportation Equipment and Supplies (except Motor Vehicle) Merchant Wholesalers,0.11699999868869781,-0.269,262
334515,Instrument Manufacturing for Measuring and Testing Electricity and Electrical Signals,0.11599999666213989,-0.27,263
236116,New Multifamily Housing Construction (except For-Sale Builders),0.11599999666213989,-0.27,263
621410,Family Planning Centers,0.11599999666213989,-0.27,263
621420,Outpatient Mental Health and Substance Abuse Centers,0.11599999666213989,-0.27,263
621491,HMO Medical Centers,0.11599999666213989,-0.27,263
621492,Kidney Dialysis Centers,0.11599999666213989,-0.27,263
621493,Freestanding Ambulatory Surgical and Emergency Centers,0.11599999666213989,-0.27,263
621498,All Other Outpatient Care Centers,0.11599999666213989,-0.27,263
334513,"Instruments and Related Products Manufacturing for Measuring, Displaying, and Controlling Industrial Process Variables",0.11500000208616257,-0.271,264
334290,Other Communications Equipment Manufacturing,0.11400000005960464,-0.272,265
336412,Aircraft Engine and Engine Parts Manufacturing,0.11400000005960464,-0.272,265
334111,Electronic Computer Manufacturing,0.1120000034570694,-0.274,266
621610,Home Health Care Services,0.1120000034570694,-0.274,266
515111,Radio Networks,0.10999999940395355,-0.276,267
515112,Radio Stations,0.10999999940395355,-0.276,267
515120,Television Broadcasting,0.10999999940395355,-0.276,267
812111,Barber Shops,0.10899999737739563,-0.277,268
812112,Beauty Salons,0.10899999737739563,-0.277,268
812113,Nail Salons,0.10899999737739563,-0.277,268
812191,Diet and Weight Reducing Centers,0.10899999737739563,-0.277,268
812199,Other Personal Care Services,0.10899999737739563,-0.277,268
423610,"Electrical Apparatus and Equipment, Wiring Supplies, and Related Equipment Merchant Wholesalers",0.10899999737739563,-0.277,268
423620,"Household Appliances, Electric Housewares, and Consumer Electronics Merchant Wholesalers",0.10899999737739563,-0.277,268
423690,Other Electronic Parts and Equipment Merchant Wholesalers,0.10899999737739563,-0.277,268
325412,Pharmaceutical Preparation Manufacturing,0.10700000077486038,-0.279,269
519190,All Other Information Services,0.10700000077486038,-0.279,269
519110,News Syndicates,0.10700000077486038,-0.279,269
519120,Libraries and Archives,0.10700000077486038,-0.279,269
561110,Office Administrative Services,0.10499999672174454,-0.281,270
339116,Dental Laboratories,0.10400000214576721,-0.282,271
441110,New Car Dealers,0.10400000214576721,-0.282,271
441120,Used Car Dealers,0.10400000214576721,-0.282,271
441210,Recreational Vehicle Dealers,0.10400000214576721,-0.282,271
441222,Boat Dealers,0.10400000214576721,-0.282,271
441228,"Motorcycle, ATV, and All Other Motor Vehicle Dealers",0.10400000214576721,-0.282,271
441310,Automotive Parts and Accessories Stores,0.10400000214576721,-0.282,271
441320,Tire Dealers,0.10400000214576721,-0.282,271
561510,Travel Agencies,0.10300000011920929,-0.283,272
561520,Tour Operators,0.10300000011920929,-0.283,272
561591,Convention and Visitors Bureaus,0.10300000011920929,-0.283,272
561599,All Other Travel Arrangement and Reservation Services,0.10300000011920929,-0.283,272
444110,Home Centers,0.10100000351667404,-0.285,273
444120,Paint and Wallpaper Stores,0.10100000351667404,-0.285,273
444130,Hardware Stores,0.10100000351667404,-0.285,273
444190,Other Building Material Dealers,0.10100000351667404,-0.285,273
444210,Outdoor Power Equipment Stores,0.10100000351667404,-0.285,273
444220,"Nursery, Garden Center, and Farm Supply Stores",0.10100000351667404,-0.285,273
334519,Other Measuring and Controlling Device Manufacturing,0.10000000149011612,-0.286,274
812910,Pet Care (except Veterinary) Services,0.0989999994635582,-0.287,275
812921,Photofinishing Laboratories (except One-Hour),0.0989999994635582,-0.287,275
812922,One-Hour Photofinishing,0.0989999994635582,-0.287,275
812930,Parking Lots and Garages,0.0989999994635582,-0.287,275
812990,All Other Personal Services,0.0989999994635582,-0.287,275
541511,Custom Computer Programming Services,0.09700000286102295,-0.289,276
511210,Software Publishers,0.09700000286102295,-0.289,276
334516,Analytical Laboratory Instrument Manufacturing,0.09300000220537186,-0.293,277
454110,Electronic Shopping and Mail-Order Houses,0.09099999815225601,-0.295,278
454210,Vending Machine Operators,0.09099999815225601,-0.295,278
454310,Fuel Dealers,0.09099999815225601,-0.295,278
454390,Other Direct Selling Establishments,0.09099999815225601,-0.295,278
621210,Offices of Dentists,0.09000000357627869,-0.296,279
811211,Consumer Electronics Repair and Maintenance,0.09000000357627869,-0.296,279
811212,Computer and Office Machine Repair and Maintenance,0.09000000357627869,-0.296,279
811213,Communication Equipment Repair and Maintenance,0.09000000357627869,-0.296,279
811219,Other Electronic and Precision Equipment Repair and Maintenance,0.09000000357627869,-0.296,279
541410,Interior Design Services,0.08799999952316284,-0.298,280
541420,Industrial Design Services,0.08799999952316284,-0.298,280
541430,Graphic Design Services,0.08799999952316284,-0.298,280
541490,Other Specialized Design Services,0.08799999952316284,-0.298,280
541513,Computer Facilities Management Services,0.08699999749660492,-0.299,281
541519,Other Computer Related Services,0.08699999749660492,-0.299,281
621111,Offices of Physicians (except Mental Health Specialists),0.0860000029206276,-0.3,282
621112,"Offices of Physicians, Mental Health Specialists",0.0860000029206276,-0.3,282
811411,Home and Garden Equipment Repair and Maintenance,0.0860000029206276,-0.3,282
811412,Appliance Repair and Maintenance,0.0860000029206276,-0.3,282
811420,Reupholstery and Furniture Repair,0.0860000029206276,-0.3,282
811430,Footwear and Leather Goods Repair,0.0860000029206276,-0.3,282
811490,Other Personal and Household Goods Repair and Maintenance,0.0860000029206276,-0.3,282
423410,Photographic Equipment and Supplies Merchant Wholesalers,0.08500000089406967,-0.301,283
423420,Office Equipment Merchant Wholesalers,0.08500000089406967,-0.301,283
423430,Computer and Computer Peripheral Equipment and Software Merchant Wholesalers,0.08500000089406967,-0.301,283
423440,Other Commercial Equipment Merchant Wholesalers,0.08500000089406967,-0.301,283
423450,"Medical, Dental, and Hospital Equipment and Supplies Merchant Wholesalers",0.08500000089406967,-0.301,283
423460,Ophthalmic Goods Merchant Wholesalers,0.08500000089406967,-0.301,283
423490,Other Professional Equipment and Supplies Merchant Wholesalers,0.08500000089406967,-0.301,283
325414,Biological Product (except Diagnostic) Manufacturing,0.08500000089406967,-0.301,283
711110,Theater Companies and Dinner Theaters,0.08399999886751175,-0.302,284
711120,Dance Companies,0.08399999886751175,-0.302,284
711130,Musical Groups and Artists,0.08399999886751175,-0.302,284
711190,Other Performing Arts Companies,0.08399999886751175,-0.302,284
541611,Administrative Management and General Management Consulting Services,0.08399999886751175,-0.302,284
541612,Human Resources Consulting Services,0.08399999886751175,-0.302,284
541613,Marketing Consulting Services,0.08399999886751175,-0.302,284
541614,"Process, Physical Distribution, and Logistics Consulting Services",0.08399999886751175,-0.302,284
541618,Other Management Consulting Services,0.08399999886751175,-0.302,284
711310,"Promoters of Performing Arts, Sports, and Similar Events with Facilities",0.08299999684095383,-0.303,285
711320,"Promoters of Performing Arts, Sports, and Similar Events without Facilities",0.08299999684095383,-0.303,285
711410,"Agents and Managers for Artists, Athletes, Entertainers, and Other Public Figures",0.08299999684095383,-0.303,285
517311,Wired Telecommunications Carriers,0.0820000022649765,-0.304,286
561611,Investigation Services,0.07999999821186066,-0.306,287
561612,Security Guards and Patrol Services,0.07999999821186066,-0.306,287
561613,Armored Car Services,0.07999999821186066,-0.306,287
561621,Security Systems Services (except Locksmiths),0.07999999821186066,-0.306,287
561622,Locksmiths,0.07999999821186066,-0.306,287
541620,Environmental Consulting Services,0.07900000363588333,-0.307,288
541690,Other Scientific and Technical Consulting Services,0.07900000363588333,-0.307,288
424710,Petroleum Bulk Stations and Terminals,0.07800000160932541,-0.308,289
424720,Petroleum and Petroleum Products Merchant Wholesalers (except Bulk Stations and Terminals),0.07800000160932541,-0.308,289
541512,Computer Systems Design Services,0.07699999958276749,-0.309,290
541930,Translation and Interpretation Services,0.07500000298023224,-0.311,291
541990,"All Other Professional, Scientific, and Technical Services",0.07500000298023224,-0.311,291
541910,Marketing Research and Public Opinion Polling,0.07500000298023224,-0.311,291
711211,Sports Teams and Clubs,0.07199999690055847,-0.314,292
711212,Racetracks,0.07199999690055847,-0.314,292
711219,Other Spectator Sports,0.07199999690055847,-0.314,292
334514,Totalizing Fluid Meter and Counting Device Manufacturing,0.07199999690055847,-0.314,292
512110,Motion Picture and Video Production,0.07100000232458115,-0.315,293
512120,Motion Picture and Video Distribution,0.07100000232458115,-0.315,293
512131,Motion Picture Theaters (except Drive-Ins),0.07100000232458115,-0.315,293
512132,Drive-In Motion Picture Theaters,0.07100000232458115,-0.315,293
512191,Teleproduction and Other Postproduction Services,0.07100000232458115,-0.315,293
512199,Other Motion Picture and Video Industries,0.07100000232458115,-0.315,293
512230,Music Publishers,0.06800000369548798,-0.318,294
512240,Sound Recording Studios,0.06800000369548798,-0.318,294
512250,Record Production and Distribution,0.06800000369548798,-0.318,294
512290,Other Sound Recording Industries,0.06800000369548798,-0.318,294
813211,Grantmaking Foundations,0.06499999761581421,-0.321,295
813212,Voluntary Health Organizations,0.06499999761581421,-0.321,295
813219,Other Grantmaking and Giving Services,0.06499999761581421,-0.321,295
813311,Human Rights Organizations,0.06499999761581421,-0.321,295
813312,"Environment, Conservation and Wildlife Organizations",0.06499999761581421,-0.321,295
813319,Other Social Advocacy Organizations,0.06499999761581421,-0.321,295
522210,Credit Card Issuing,0.06400000303983688,-0.322,296
522220,Sales Financing,0.06400000303983688,-0.322,296
522291,Consumer Lending,0.06400000303983688,-0.322,296
522292,Real Estate Credit,0.06400000303983688,-0.322,296
522293,International Trade Financing,0.06400000303983688,-0.322,296
522294,Secondary Market Financing,0.06400000303983688,-0.322,296
522298,All Other Nondepository Credit Intermediation,0.06400000303983688,-0.322,296
522310,Mortgage and Nonmortgage Loan Brokers,0.06400000303983688,-0.322,296
522320,"Financial Transactions Processing, Reserve, and Clearinghouse Activities",0.06400000303983688,-0.322,296
522390,Other Activities Related to Credit Intermediation,0.06400000303983688,-0.322,296
523910,Miscellaneous Intermediation,0.06199999898672104,-0.324,297
523920,Portfolio Management,0.06199999898672104,-0.324,297
523930,Investment Advice,0.06199999898672104,-0.324,297
523991,"Trust, Fiduciary, and Custody Activities",0.06199999898672104,-0.324,297
523999,Miscellaneous Financial Investment Activities,0.06199999898672104,-0.324,297
523110,Investment Banking and Securities Dealing,0.05999999865889549,-0.326,298
523120,Securities Brokerage,0.05999999865889549,-0.326,298
523130,Commodity Contracts Dealing,0.05999999865889549,-0.326,298
523140,Commodity Contracts Brokerage,0.05999999865889549,-0.326,298
523210,Securities and Commodity Exchanges,0.05999999865889549,-0.326,298
334511,"Search, Detection, Navigation, Guidance, Aeronautical, and Nautical System and Instrument Manufacturing",0.05999999865889549,-0.326,298
533110,Lessors of Nonfinancial Intangible Assets (except Copyrighted Works),0.057999998331069946,-0.328,299
541110,Offices of Lawyers,0.05400000140070915,-0.332,300
541120,Offices of Notaries,0.05400000140070915,-0.332,300
541191,Title Abstract and Settlement Offices,0.05400000140070915,-0.332,300
541199,All Other Legal Services,0.05400000140070915,-0.332,300
425110,Business to Business Electronic Markets,0.050999999046325684,-0.335,301
425120,Wholesale Trade Agents and Brokers,0.050999999046325684,-0.335,301
541211,Offices of Certified Public Accountants,0.05000000074505806,-0.336,302
541213,Tax Preparation Services,0.05000000074505806,-0.336,302
541214,Payroll Services,0.05000000074505806,-0.336,302
541219,Other Accounting Services,0.05000000074505806,-0.336,302
521110,Monetary Authorities-Central Bank,0.04800000041723251,-0.338,303
522110,Commercial Banking,0.04800000041723251,-0.338,303
522120,Savings Institutions,0.04800000041723251,-0.338,303
522130,Credit Unions,0.04800000041723251,-0.338,303
522190,Other Depository Credit Intermediation,0.04800000041723251,-0.338,303
524114,Direct Health and Medical Insurance Carriers,0.03400000184774399,-0.352,304
524126,Direct Property and Casualty Insurance Carriers,0.03400000184774399,-0.352,304
524127,Direct Title Insurance Carriers,0.03400000184774399,-0.352,304
524128,"Other Direct Insurance (except Life, Health, and Medical) Carriers",0.03400000184774399,-0.352,304
524130,Reinsurance Carriers,0.03400000184774399,-0.352,304
524210,Insurance Agencies and Brokerages,0.03400000184774399,-0.352,304
524291,Claims Adjusting,0.03400000184774399,-0.352,304
524292,Third Party Administration of Insurance and Pension Funds,0.03400000184774399,-0.352,304
524298,All Other Insurance Related Activities,0.03400000184774399,-0.352,304
812210,Funeral Homes and Funeral Services,0.03400000184774399,-0.352,304
812220,Cemeteries and Crematories,0.03400000184774399,-0.352,304
561311,Employment Placement Agencies,0.032999999821186066,-0.353,305
561312,Executive Search Services,0.032999999821186066,-0.353,305
561320,Temporary Help Services,0.032999999821186066,-0.353,305
561330,Professional Employer Organizations,0.032999999821186066,-0.353,305
524113,Direct Life Insurance Carriers,0.029999999329447746,-0.356,306
531110,Lessors of Residential Buildings and Dwellings,0.01899999938905239,-0.367,307
711510,"Independent Artists, Writers, and Performers",0.013000000268220901,-0.373,308
